행정구역,시점
서울특별시,200802
서울특별시,200803
서울특별시,200804
서울특별시,200805
서울특별시,200806
서울특별시,200807
서울특별시,200808
서울특별시,200809
서울특별시,200810
서울특별시,200811
서울특별시,200812
서울특별시,200901
서울특별시,200902
서울특별시,200903
서울특별시,200904
서울특별시,200905
서울특별시,200906
서울특별시,200907
서울특별시,200908
서울특별시,200909
서울특별시,200910
서울특별시,200911
서울특별시,200912
서울특별시,201001
서울특별시,201002
서울특별시,201003
서울특별시,201004
서울특별시,201005
서울특별시,201006
서울특별시,201007
서울특별시,201008
서울특별시,201009
서울특별시,201010
서울특별시,201011
서울특별시,201012
서울특별시,201101
서울특별시,201102
서울특별시,201103
서울특별시,201104
서울특별시,201105
서울특별시,201106
서울특별시,201107
서울특별시,201108
서울특별시,201109
서울특별시,201110
서울특별시,201111
서울특별시,201112
서울특별시,201201
서울특별시,201202
서울특별시,201203
서울특별시,201204
서울특별시,201205
서울특별시,201206
서울특별시,201207
서울특별시,201208
서울특별시,201209
서울특별시,201210
서울특별시,201211
서울특별시,201212
서울특별시,201301
서울특별시,201302
서울특별시,201303
서울특별시,201304
서울특별시,201305
서울특별시,201306
서울특별시,201307
서울특별시,201308
서울특별시,201309
서울특별시,201310
서울특별시,201311
서울특별시,201312
서울특별시,201401
서울특별시,201402
서울특별시,201403
서울특별시,201404
서울특별시,201405
서울특별시,201406
서울특별시,201407
서울특별시,201408
서울특별시,201409
서울특별시,201410
서울특별시,201411
서울특별시,201412
서울특별시,201501
서울특별시,201502
서울특별시,201503
서울특별시,201504
서울특별시,201505
서울특별시,201506
서울특별시,201507
서울특별시,201508
서울특별시,201509
서울특별시,201510
서울특별시,201511
서울특별시,201512
서울특별시,201601
서울특별시,201602
서울특별시,201603
서울특별시,201604
서울특별시,201605
서울특별시,201606
서울특별시,201607
서울특별시,201608
서울특별시,201609
서울특별시,201610
서울특별시,201611
서울특별시,201612
서울특별시,201701
서울특별시,201702
서울특별시,201703
서울특별시,201704
서울특별시,201705
서울특별시,201706
서울특별시,201707
서울특별시,201708
서울특별시,201709
서울특별시,201710
서울특별시,201711
서울특별시,201712
서울특별시,201801
서울특별시,201802
서울특별시,201803
서울특별시,201804
서울특별시,201805
서울특별시,201806
서울특별시,201807
서울특별시,201808
서울특별시,201809
서울특별시,201810
서울특별시,201811
서울특별시,201812
서울특별시,201901
서울특별시,201902
서울특별시,201903
서울특별시,201904
서울특별시,201905
서울특별시,201906
서울특별시,201907
서울특별시,201908
서울특별시,201909
서울특별시,201910
서울특별시,201911
서울특별시,201912
서울특별시,202001
서울특별시,202002
서울특별시,202003
서울특별시,202004
서울특별시,202005
서울특별시,202006
서울특별시,202007
서울특별시,202008
서울특별시,202009
서울특별시,202010
서울특별시,202011
서울특별시,202012
서울특별시,202101
서울특별시,202102
서울특별시,202103
서울특별시,202104
서울특별시,202105
서울특별시,202106
서울특별시,202107
서울특별시,202108
서울특별시,202109
서울특별시,202110
서울특별시,202111
서울특별시,202112
서울특별시,202201
서울특별시,202202
서울특별시,202203
서울특별시,202204
서울특별시,202205
서울특별시,202206
서울특별시,202207
서울특별시,202208
서울특별시,202209
서울특별시,202210
서울특별시,202211
서울특별시,202212
서울특별시,202301
서울특별시,202302
서울특별시,202303
서울특별시,202304
서울특별시,202305
서울특별시,202306
서울특별시,202307
서울특별시,202308
서울특별시,202309
서울특별시,202310
서울특별시,202311
서울특별시,202312
서울특별시,202401
서울특별시,202402
부산광역시,200802
부산광역시,200803
부산광역시,200804
부산광역시,200805
부산광역시,200806
부산광역시,200807
부산광역시,200808
부산광역시,200809
부산광역시,200810
부산광역시,200811
부산광역시,200812
부산광역시,200901
부산광역시,200902
부산광역시,200903
부산광역시,200904
부산광역시,200905
부산광역시,200906
부산광역시,200907
부산광역시,200908
부산광역시,200909
부산광역시,200910
부산광역시,200911
부산광역시,200912
부산광역시,201001
부산광역시,201002
부산광역시,201003
부산광역시,201004
부산광역시,201005
부산광역시,201006
부산광역시,201007
부산광역시,201008
부산광역시,201009
부산광역시,201010
부산광역시,201011
부산광역시,201012
부산광역시,201101
부산광역시,201102
부산광역시,201103
부산광역시,201104
부산광역시,201105
부산광역시,201106
부산광역시,201107
부산광역시,201108
부산광역시,201109
부산광역시,201110
부산광역시,201111
부산광역시,201112
부산광역시,201201
부산광역시,201202
부산광역시,201203
부산광역시,201204
부산광역시,201205
부산광역시,201206
부산광역시,201207
부산광역시,201208
부산광역시,201209
부산광역시,201210
부산광역시,201211
부산광역시,201212
부산광역시,201301
부산광역시,201302
부산광역시,201303
부산광역시,201304
부산광역시,201305
부산광역시,201306
부산광역시,201307
부산광역시,201308
부산광역시,201309
부산광역시,201310
부산광역시,201311
부산광역시,201312
부산광역시,201401
부산광역시,201402
부산광역시,201403
부산광역시,201404
부산광역시,201405
부산광역시,201406
부산광역시,201407
부산광역시,201408
부산광역시,201409
부산광역시,201410
부산광역시,201411
부산광역시,201412
부산광역시,201501
부산광역시,201502
부산광역시,201503
부산광역시,201504
부산광역시,201505
부산광역시,201506
부산광역시,201507
부산광역시,201508
부산광역시,201509
부산광역시,201510
부산광역시,201511
부산광역시,201512
부산광역시,201601
부산광역시,201602
부산광역시,201603
부산광역시,201604
부산광역시,201605
부산광역시,201606
부산광역시,201607
부산광역시,201608
부산광역시,201609
부산광역시,201610
부산광역시,201611
부산광역시,201612
부산광역시,201701
부산광역시,201702
부산광역시,201703
부산광역시,201704
부산광역시,201705
부산광역시,201706
부산광역시,201707
부산광역시,201708
부산광역시,201709
부산광역시,201710
부산광역시,201711
부산광역시,201712
부산광역시,201801
부산광역시,201802
부산광역시,201803
부산광역시,201804
부산광역시,201805
부산광역시,201806
부산광역시,201807
부산광역시,201808
부산광역시,201809
부산광역시,201810
부산광역시,201811
부산광역시,201812
부산광역시,201901
부산광역시,201902
부산광역시,201903
부산광역시,201904
부산광역시,201905
부산광역시,201906
부산광역시,201907
부산광역시,201908
부산광역시,201909
부산광역시,201910
부산광역시,201911
부산광역시,201912
부산광역시,202001
부산광역시,202002
부산광역시,202003
부산광역시,202004
부산광역시,202005
부산광역시,202006
부산광역시,202007
부산광역시,202008
부산광역시,202009
부산광역시,202010
부산광역시,202011
부산광역시,202012
부산광역시,202101
부산광역시,202102
부산광역시,202103
부산광역시,202104
부산광역시,202105
부산광역시,202106
부산광역시,202107
부산광역시,202108
부산광역시,202109
부산광역시,202110
부산광역시,202111
부산광역시,202112
부산광역시,202201
부산광역시,202202
부산광역시,202203
부산광역시,202204
부산광역시,202205
부산광역시,202206
부산광역시,202207
부산광역시,202208
부산광역시,202209
부산광역시,202210
부산광역시,202211
부산광역시,202212
부산광역시,202301
부산광역시,202302
부산광역시,202303
부산광역시,202304
부산광역시,202305
부산광역시,202306
부산광역시,202307
부산광역시,202308
부산광역시,202309
부산광역시,202310
부산광역시,202311
부산광역시,202312
부산광역시,202401
부산광역시,202402
대구광역시,200802
대구광역시,200803
대구광역시,200804
대구광역시,200805
대구광역시,200806
대구광역시,200807
대구광역시,200808
대구광역시,200809
대구광역시,200810
대구광역시,200811
대구광역시,200812
대구광역시,200901
대구광역시,200902
대구광역시,200903
대구광역시,200904
대구광역시,200905
대구광역시,200906
대구광역시,200907
대구광역시,200908
대구광역시,200909
대구광역시,200910
대구광역시,200911
대구광역시,200912
대구광역시,201001
대구광역시,201002
대구광역시,201003
대구광역시,201004
대구광역시,201005
대구광역시,201006
대구광역시,201007
대구광역시,201008
대구광역시,201009
대구광역시,201010
대구광역시,201011
대구광역시,201012
대구광역시,201101
대구광역시,201102
대구광역시,201103
대구광역시,201104
대구광역시,201105
대구광역시,201106
대구광역시,201107
대구광역시,201108
대구광역시,201109
대구광역시,201110
대구광역시,201111
대구광역시,201112
대구광역시,201201
대구광역시,201202
대구광역시,201203
대구광역시,201204
대구광역시,201205
대구광역시,201206
대구광역시,201207
대구광역시,201208
대구광역시,201209
대구광역시,201210
대구광역시,201211
대구광역시,201212
대구광역시,201301
대구광역시,201302
대구광역시,201303
대구광역시,201304
대구광역시,201305
대구광역시,201306
대구광역시,201307
대구광역시,201308
대구광역시,201309
대구광역시,201310
대구광역시,201311
대구광역시,201312
대구광역시,201401
대구광역시,201402
대구광역시,201403
대구광역시,201404
대구광역시,201405
대구광역시,201406
대구광역시,201407
대구광역시,201408
대구광역시,201409
대구광역시,201410
대구광역시,201411
대구광역시,201412
대구광역시,201501
대구광역시,201502
대구광역시,201503
대구광역시,201504
대구광역시,201505
대구광역시,201506
대구광역시,201507
대구광역시,201508
대구광역시,201509
대구광역시,201510
대구광역시,201511
대구광역시,201512
대구광역시,201601
대구광역시,201602
대구광역시,201603
대구광역시,201604
대구광역시,201605
대구광역시,201606
대구광역시,201607
대구광역시,201608
대구광역시,201609
대구광역시,201610
대구광역시,201611
대구광역시,201612
대구광역시,201701
대구광역시,201702
대구광역시,201703
대구광역시,201704
대구광역시,201705
대구광역시,201706
대구광역시,201707
대구광역시,201708
대구광역시,201709
대구광역시,201710
대구광역시,201711
대구광역시,201712
대구광역시,201801
대구광역시,201802
대구광역시,201803
대구광역시,201804
대구광역시,201805
대구광역시,201806
대구광역시,201807
대구광역시,201808
대구광역시,201809
대구광역시,201810
대구광역시,201811
대구광역시,201812
대구광역시,201901
대구광역시,201902
대구광역시,201903
대구광역시,201904
대구광역시,201905
대구광역시,201906
대구광역시,201907
대구광역시,201908
대구광역시,201909
대구광역시,201910
대구광역시,201911
대구광역시,201912
대구광역시,202001
대구광역시,202002
대구광역시,202003
대구광역시,202004
대구광역시,202005
대구광역시,202006
대구광역시,202007
대구광역시,202008
대구광역시,202009
대구광역시,202010
대구광역시,202011
대구광역시,202012
대구광역시,202101
대구광역시,202102
대구광역시,202103
대구광역시,202104
대구광역시,202105
대구광역시,202106
대구광역시,202107
대구광역시,202108
대구광역시,202109
대구광역시,202110
대구광역시,202111
대구광역시,202112
대구광역시,202201
대구광역시,202202
대구광역시,202203
대구광역시,202204
대구광역시,202205
대구광역시,202206
대구광역시,202207
대구광역시,202208
대구광역시,202209
대구광역시,202210
대구광역시,202211
대구광역시,202212
대구광역시,202301
대구광역시,202302
대구광역시,202303
대구광역시,202304
대구광역시,202305
대구광역시,202306
대구광역시,202307
대구광역시,202308
대구광역시,202309
대구광역시,202310
대구광역시,202311
대구광역시,202312
대구광역시,202401
대구광역시,202402
인천광역시,200802
인천광역시,200803
인천광역시,200804
인천광역시,200805
인천광역시,200806
인천광역시,200807
인천광역시,200808
인천광역시,200809
인천광역시,200810
인천광역시,200811
인천광역시,200812
인천광역시,200901
인천광역시,200902
인천광역시,200903
인천광역시,200904
인천광역시,200905
인천광역시,200906
인천광역시,200907
인천광역시,200908
인천광역시,200909
인천광역시,200910
인천광역시,200911
인천광역시,200912
인천광역시,201001
인천광역시,201002
인천광역시,201003
인천광역시,201004
인천광역시,201005
인천광역시,201006
인천광역시,201007
인천광역시,201008
인천광역시,201009
인천광역시,201010
인천광역시,201011
인천광역시,201012
인천광역시,201101
인천광역시,201102
인천광역시,201103
인천광역시,201104
인천광역시,201105
인천광역시,201106
인천광역시,201107
인천광역시,201108
인천광역시,201109
인천광역시,201110
인천광역시,201111
인천광역시,201112
인천광역시,201201
인천광역시,201202
인천광역시,201203
인천광역시,201204
인천광역시,201205
인천광역시,201206
인천광역시,201207
인천광역시,201208
인천광역시,201209
인천광역시,201210
인천광역시,201211
인천광역시,201212
인천광역시,201301
인천광역시,201302
인천광역시,201303
인천광역시,201304
인천광역시,201305
인천광역시,201306
인천광역시,201307
인천광역시,201308
인천광역시,201309
인천광역시,201310
인천광역시,201311
인천광역시,201312
인천광역시,201401
인천광역시,201402
인천광역시,201403
인천광역시,201404
인천광역시,201405
인천광역시,201406
인천광역시,201407
인천광역시,201408
인천광역시,201409
인천광역시,201410
인천광역시,201411
인천광역시,201412
인천광역시,201501
인천광역시,201502
인천광역시,201503
인천광역시,201504
인천광역시,201505
인천광역시,201506
인천광역시,201507
인천광역시,201508
인천광역시,201509
인천광역시,201510
인천광역시,201511
인천광역시,201512
인천광역시,201601
인천광역시,201602
인천광역시,201603
인천광역시,201604
인천광역시,201605
인천광역시,201606
인천광역시,201607
인천광역시,201608
인천광역시,201609
인천광역시,201610
인천광역시,201611
인천광역시,201612
인천광역시,201701
인천광역시,201702
인천광역시,201703
인천광역시,201704
인천광역시,201705
인천광역시,201706
인천광역시,201707
인천광역시,201708
인천광역시,201709
인천광역시,201710
인천광역시,201711
인천광역시,201712
인천광역시,201801
인천광역시,201802
인천광역시,201803
인천광역시,201804
인천광역시,201805
인천광역시,201806
인천광역시,201807
인천광역시,201808
인천광역시,201809
인천광역시,201810
인천광역시,201811
인천광역시,201812
인천광역시,201901
인천광역시,201902
인천광역시,201903
인천광역시,201904
인천광역시,201905
인천광역시,201906
인천광역시,201907
인천광역시,201908
인천광역시,201909
인천광역시,201910
인천광역시,201911
인천광역시,201912
인천광역시,202001
인천광역시,202002
인천광역시,202003
인천광역시,202004
인천광역시,202005
인천광역시,202006
인천광역시,202007
인천광역시,202008
인천광역시,202009
인천광역시,202010
인천광역시,202011
인천광역시,202012
인천광역시,202101
인천광역시,202102
인천광역시,202103
인천광역시,202104
인천광역시,202105
인천광역시,202106
인천광역시,202107
인천광역시,202108
인천광역시,202109
인천광역시,202110
인천광역시,202111
인천광역시,202112
인천광역시,202201
인천광역시,202202
인천광역시,202203
인천광역시,202204
인천광역시,202205
인천광역시,202206
인천광역시,202207
인천광역시,202208
인천광역시,202209
인천광역시,202210
인천광역시,202211
인천광역시,202212
인천광역시,202301
인천광역시,202302
인천광역시,202303
인천광역시,202304
인천광역시,202305
인천광역시,202306
인천광역시,202307
인천광역시,202308
인천광역시,202309
인천광역시,202310
인천광역시,202311
인천광역시,202312
인천광역시,202401
인천광역시,202402
광주광역시,200802
광주광역시,200803
광주광역시,200804
광주광역시,200805
광주광역시,200806
광주광역시,200807
광주광역시,200808
광주광역시,200809
광주광역시,200810
광주광역시,200811
광주광역시,200812
광주광역시,200901
광주광역시,200902
광주광역시,200903
광주광역시,200904
광주광역시,200905
광주광역시,200906
광주광역시,200907
광주광역시,200908
광주광역시,200909
광주광역시,200910
광주광역시,200911
광주광역시,200912
광주광역시,201001
광주광역시,201002
광주광역시,201003
광주광역시,201004
광주광역시,201005
광주광역시,201006
광주광역시,201007
광주광역시,201008
광주광역시,201009
광주광역시,201010
광주광역시,201011
광주광역시,201012
광주광역시,201101
광주광역시,201102
광주광역시,201103
광주광역시,201104
광주광역시,201105
광주광역시,201106
광주광역시,201107
광주광역시,201108
광주광역시,201109
광주광역시,201110
광주광역시,201111
광주광역시,201112
광주광역시,201201
광주광역시,201202
광주광역시,201203
광주광역시,201204
광주광역시,201205
광주광역시,201206
광주광역시,201207
광주광역시,201208
광주광역시,201209
광주광역시,201210
광주광역시,201211
광주광역시,201212
광주광역시,201301
광주광역시,201302
광주광역시,201303
광주광역시,201304
광주광역시,201305
광주광역시,201306
광주광역시,201307
광주광역시,201308
광주광역시,201309
광주광역시,201310
광주광역시,201311
광주광역시,201312
광주광역시,201401
광주광역시,201402
광주광역시,201403
광주광역시,201404
광주광역시,201405
광주광역시,201406
광주광역시,201407
광주광역시,201408
광주광역시,201409
광주광역시,201410
광주광역시,201411
광주광역시,201412
광주광역시,201501
광주광역시,201502
광주광역시,201503
광주광역시,201504
광주광역시,201505
광주광역시,201506
광주광역시,201507
광주광역시,201508
광주광역시,201509
광주광역시,201510
광주광역시,201511
광주광역시,201512
광주광역시,201601
광주광역시,201602
광주광역시,201603
광주광역시,201604
광주광역시,201605
광주광역시,201606
광주광역시,201607
광주광역시,201608
광주광역시,201609
광주광역시,201610
광주광역시,201611
광주광역시,201612
광주광역시,201701
광주광역시,201702
광주광역시,201703
광주광역시,201704
광주광역시,201705
광주광역시,201706
광주광역시,201707
광주광역시,201708
광주광역시,201709
광주광역시,201710
광주광역시,201711
광주광역시,201712
광주광역시,201801
광주광역시,201802
광주광역시,201803
광주광역시,201804
광주광역시,201805
광주광역시,201806
광주광역시,201807
광주광역시,201808
광주광역시,201809
광주광역시,201810
광주광역시,201811
광주광역시,201812
광주광역시,201901
광주광역시,201902
광주광역시,201903
광주광역시,201904
광주광역시,201905
광주광역시,201906
광주광역시,201907
광주광역시,201908
광주광역시,201909
광주광역시,201910
광주광역시,201911
광주광역시,201912
광주광역시,202001
광주광역시,202002
광주광역시,202003
광주광역시,202004
광주광역시,202005
광주광역시,202006
광주광역시,202007
광주광역시,202008
광주광역시,202009
광주광역시,202010
광주광역시,202011
광주광역시,202012
광주광역시,202101
광주광역시,202102
광주광역시,202103
광주광역시,202104
광주광역시,202105
광주광역시,202106
광주광역시,202107
광주광역시,202108
광주광역시,202109
광주광역시,202110
광주광역시,202111
광주광역시,202112
광주광역시,202201
광주광역시,202202
광주광역시,202203
광주광역시,202204
광주광역시,202205
광주광역시,202206
광주광역시,202207
광주광역시,202208
광주광역시,202209
광주광역시,202210
광주광역시,202211
광주광역시,202212
광주광역시,202301
광주광역시,202302
광주광역시,202303
광주광역시,202304
광주광역시,202305
광주광역시,202306
광주광역시,202307
광주광역시,202308
광주광역시,202309
광주광역시,202310
광주광역시,202311
광주광역시,202312
광주광역시,202401
광주광역시,202402
대전광역시,200802
대전광역시,200803
대전광역시,200804
대전광역시,200805
대전광역시,200806
대전광역시,200807
대전광역시,200808
대전광역시,200809
대전광역시,200810
대전광역시,200811
대전광역시,200812
대전광역시,200901
대전광역시,200902
대전광역시,200903
대전광역시,200904
대전광역시,200905
대전광역시,200906
대전광역시,200907
대전광역시,200908
대전광역시,200909
대전광역시,200910
대전광역시,200911
대전광역시,200912
대전광역시,201001
대전광역시,201002
대전광역시,201003
대전광역시,201004
대전광역시,201005
대전광역시,201006
대전광역시,201007
대전광역시,201008
대전광역시,201009
대전광역시,201010
대전광역시,201011
대전광역시,201012
대전광역시,201101
대전광역시,201102
대전광역시,201103
대전광역시,201104
대전광역시,201105
대전광역시,201106
대전광역시,201107
대전광역시,201108
대전광역시,201109
대전광역시,201110
대전광역시,201111
대전광역시,201112
대전광역시,201201
대전광역시,201202
대전광역시,201203
대전광역시,201204
대전광역시,201205
대전광역시,201206
대전광역시,201207
대전광역시,201208
대전광역시,201209
대전광역시,201210
대전광역시,201211
대전광역시,201212
대전광역시,201301
대전광역시,201302
대전광역시,201303
대전광역시,201304
대전광역시,201305
대전광역시,201306
대전광역시,201307
대전광역시,201308
대전광역시,201309
대전광역시,201310
대전광역시,201311
대전광역시,201312
대전광역시,201401
대전광역시,201402
대전광역시,201403
대전광역시,201404
대전광역시,201405
대전광역시,201406
대전광역시,201407
대전광역시,201408
대전광역시,201409
대전광역시,201410
대전광역시,201411
대전광역시,201412
대전광역시,201501
대전광역시,201502
대전광역시,201503
대전광역시,201504
대전광역시,201505
대전광역시,201506
대전광역시,201507
대전광역시,201508
대전광역시,201509
대전광역시,201510
대전광역시,201511
대전광역시,201512
대전광역시,201601
대전광역시,201602
대전광역시,201603
대전광역시,201604
대전광역시,201605
대전광역시,201606
대전광역시,201607
대전광역시,201608
대전광역시,201609
대전광역시,201610
대전광역시,201611
대전광역시,201612
대전광역시,201701
대전광역시,201702
대전광역시,201703
대전광역시,201704
대전광역시,201705
대전광역시,201706
대전광역시,201707
대전광역시,201708
대전광역시,201709
대전광역시,201710
대전광역시,201711
대전광역시,201712
대전광역시,201801
대전광역시,201802
대전광역시,201803
대전광역시,201804
대전광역시,201805
대전광역시,201806
대전광역시,201807
대전광역시,201808
대전광역시,201809
대전광역시,201810
대전광역시,201811
대전광역시,201812
대전광역시,201901
대전광역시,201902
대전광역시,201903
대전광역시,201904
대전광역시,201905
대전광역시,201906
대전광역시,201907
대전광역시,201908
대전광역시,201909
대전광역시,201910
대전광역시,201911
대전광역시,201912
대전광역시,202001
대전광역시,202002
대전광역시,202003
대전광역시,202004
대전광역시,202005
대전광역시,202006
대전광역시,202007
대전광역시,202008
대전광역시,202009
대전광역시,202010
대전광역시,202011
대전광역시,202012
대전광역시,202101
대전광역시,202102
대전광역시,202103
대전광역시,202104
대전광역시,202105
대전광역시,202106
대전광역시,202107
대전광역시,202108
대전광역시,202109
대전광역시,202110
대전광역시,202111
대전광역시,202112
대전광역시,202201
대전광역시,202202
대전광역시,202203
대전광역시,202204
대전광역시,202205
대전광역시,202206
대전광역시,202207
대전광역시,202208
대전광역시,202209
대전광역시,202210
대전광역시,202211
대전광역시,202212
대전광역시,202301
대전광역시,202302
대전광역시,202303
대전광역시,202304
대전광역시,202305
대전광역시,202306
대전광역시,202307
대전광역시,202308
대전광역시,202309
대전광역시,202310
대전광역시,202311
대전광역시,202312
대전광역시,202401
대전광역시,202402
울산광역시,200802
울산광역시,200803
울산광역시,200804
울산광역시,200805
울산광역시,200806
울산광역시,200807
울산광역시,200808
울산광역시,200809
울산광역시,200810
울산광역시,200811
울산광역시,200812
울산광역시,200901
울산광역시,200902
울산광역시,200903
울산광역시,200904
울산광역시,200905
울산광역시,200906
울산광역시,200907
울산광역시,200908
울산광역시,200909
울산광역시,200910
울산광역시,200911
울산광역시,200912
울산광역시,201001
울산광역시,201002
울산광역시,201003
울산광역시,201004
울산광역시,201005
울산광역시,201006
울산광역시,201007
울산광역시,201008
울산광역시,201009
울산광역시,201010
울산광역시,201011
울산광역시,201012
울산광역시,201101
울산광역시,201102
울산광역시,201103
울산광역시,201104
울산광역시,201105
울산광역시,201106
울산광역시,201107
울산광역시,201108
울산광역시,201109
울산광역시,201110
울산광역시,201111
울산광역시,201112
울산광역시,201201
울산광역시,201202
울산광역시,201203
울산광역시,201204
울산광역시,201205
울산광역시,201206
울산광역시,201207
울산광역시,201208
울산광역시,201209
울산광역시,201210
울산광역시,201211
울산광역시,201212
울산광역시,201301
울산광역시,201302
울산광역시,201303
울산광역시,201304
울산광역시,201305
울산광역시,201306
울산광역시,201307
울산광역시,201308
울산광역시,201309
울산광역시,201310
울산광역시,201311
울산광역시,201312
울산광역시,201401
울산광역시,201402
울산광역시,201403
울산광역시,201404
울산광역시,201405
울산광역시,201406
울산광역시,201407
울산광역시,201408
울산광역시,201409
울산광역시,201410
울산광역시,201411
울산광역시,201412
울산광역시,201501
울산광역시,201502
울산광역시,201503
울산광역시,201504
울산광역시,201505
울산광역시,201506
울산광역시,201507
울산광역시,201508
울산광역시,201509
울산광역시,201510
울산광역시,201511
울산광역시,201512
울산광역시,201601
울산광역시,201602
울산광역시,201603
울산광역시,201604
울산광역시,201605
울산광역시,201606
울산광역시,201607
울산광역시,201608
울산광역시,201609
울산광역시,201610
울산광역시,201611
울산광역시,201612
울산광역시,201701
울산광역시,201702
울산광역시,201703
울산광역시,201704
울산광역시,201705
울산광역시,201706
울산광역시,201707
울산광역시,201708
울산광역시,201709
울산광역시,201710
울산광역시,201711
울산광역시,201712
울산광역시,201801
울산광역시,201802
울산광역시,201803
울산광역시,201804
울산광역시,201805
울산광역시,201806
울산광역시,201807
울산광역시,201808
울산광역시,201809
울산광역시,201810
울산광역시,201811
울산광역시,201812
울산광역시,201901
울산광역시,201902
울산광역시,201903
울산광역시,201904
울산광역시,201905
울산광역시,201906
울산광역시,201907
울산광역시,201908
울산광역시,201909
울산광역시,201910
울산광역시,201911
울산광역시,201912
울산광역시,202001
울산광역시,202002
울산광역시,202003
울산광역시,202004
울산광역시,202005
울산광역시,202006
울산광역시,202007
울산광역시,202008
울산광역시,202009
울산광역시,202010
울산광역시,202011
울산광역시,202012
울산광역시,202101
울산광역시,202102
울산광역시,202103
울산광역시,202104
울산광역시,202105
울산광역시,202106
울산광역시,202107
울산광역시,202108
울산광역시,202109
울산광역시,202110
울산광역시,202111
울산광역시,202112
울산광역시,202201
울산광역시,202202
울산광역시,202203
울산광역시,202204
울산광역시,202205
울산광역시,202206
울산광역시,202207
울산광역시,202208
울산광역시,202209
울산광역시,202210
울산광역시,202211
울산광역시,202212
울산광역시,202301
울산광역시,202302
울산광역시,202303
울산광역시,202304
울산광역시,202305
울산광역시,202306
울산광역시,202307
울산광역시,202308
울산광역시,202309
울산광역시,202310
울산광역시,202311
울산광역시,202312
울산광역시,202401
울산광역시,202402
세종특별자치시,200802
세종특별자치시,200803
세종특별자치시,200804
세종특별자치시,200805
세종특별자치시,200806
세종특별자치시,200807
세종특별자치시,200808
세종특별자치시,200809
세종특별자치시,200810
세종특별자치시,200811
세종특별자치시,200812
세종특별자치시,200901
세종특별자치시,200902
세종특별자치시,200903
세종특별자치시,200904
세종특별자치시,200905
세종특별자치시,200906
세종특별자치시,200907
세종특별자치시,200908
세종특별자치시,200909
세종특별자치시,200910
세종특별자치시,200911
세종특별자치시,200912
세종특별자치시,201001
세종특별자치시,201002
세종특별자치시,201003
세종특별자치시,201004
세종특별자치시,201005
세종특별자치시,201006
세종특별자치시,201007
세종특별자치시,201008
세종특별자치시,201009
세종특별자치시,201010
세종특별자치시,201011
세종특별자치시,201012
세종특별자치시,201101
세종특별자치시,201102
세종특별자치시,201103
세종특별자치시,201104
세종특별자치시,201105
세종특별자치시,201106
세종특별자치시,201107
세종특별자치시,201108
세종특별자치시,201109
세종특별자치시,201110
세종특별자치시,201111
세종특별자치시,201112
세종특별자치시,201201
세종특별자치시,201202
세종특별자치시,201203
세종특별자치시,201204
세종특별자치시,201205
세종특별자치시,201206
세종특별자치시,201207
세종특별자치시,201208
세종특별자치시,201209
세종특별자치시,201210
세종특별자치시,201211
세종특별자치시,201212
세종특별자치시,201301
세종특별자치시,201302
세종특별자치시,201303
세종특별자치시,201304
세종특별자치시,201305
세종특별자치시,201306
세종특별자치시,201307
세종특별자치시,201308
세종특별자치시,201309
세종특별자치시,201310
세종특별자치시,201311
세종특별자치시,201312
세종특별자치시,201401
세종특별자치시,201402
세종특별자치시,201403
세종특별자치시,201404
세종특별자치시,201405
세종특별자치시,201406
세종특별자치시,201407
세종특별자치시,201408
세종특별자치시,201409
세종특별자치시,201410
세종특별자치시,201411
세종특별자치시,201412
세종특별자치시,201501
세종특별자치시,201502
세종특별자치시,201503
세종특별자치시,201504
세종특별자치시,201505
세종특별자치시,201506
세종특별자치시,201507
세종특별자치시,201508
세종특별자치시,201509
세종특별자치시,201510
세종특별자치시,201511
세종특별자치시,201512
세종특별자치시,201601
세종특별자치시,201602
세종특별자치시,201603
세종특별자치시,201604
세종특별자치시,201605
세종특별자치시,201606
세종특별자치시,201607
세종특별자치시,201608
세종특별자치시,201609
세종특별자치시,201610
세종특별자치시,201611
세종특별자치시,201612
세종특별자치시,201701
세종특별자치시,201702
세종특별자치시,201703
세종특별자치시,201704
세종특별자치시,201705
세종특별자치시,201706
세종특별자치시,201707
세종특별자치시,201708
세종특별자치시,201709
세종특별자치시,201710
세종특별자치시,201711
세종특별자치시,201712
세종특별자치시,201801
세종특별자치시,201802
세종특별자치시,201803
세종특별자치시,201804
세종특별자치시,201805
세종특별자치시,201806
세종특별자치시,201807
세종특별자치시,201808
세종특별자치시,201809
세종특별자치시,201810
세종특별자치시,201811
세종특별자치시,201812
세종특별자치시,201901
세종특별자치시,201902
세종특별자치시,201903
세종특별자치시,201904
세종특별자치시,201905
세종특별자치시,201906
세종특별자치시,201907
세종특별자치시,201908
세종특별자치시,201909
세종특별자치시,201910
세종특별자치시,201911
세종특별자치시,201912
세종특별자치시,202001
세종특별자치시,202002
세종특별자치시,202003
세종특별자치시,202004
세종특별자치시,202005
세종특별자치시,202006
세종특별자치시,202007
세종특별자치시,202008
세종특별자치시,202009
세종특별자치시,202010
세종특별자치시,202011
세종특별자치시,202012
세종특별자치시,202101
세종특별자치시,202102
세종특별자치시,202103
세종특별자치시,202104
세종특별자치시,202105
세종특별자치시,202106
세종특별자치시,202107
세종특별자치시,202108
세종특별자치시,202109
세종특별자치시,202110
세종특별자치시,202111
세종특별자치시,202112
세종특별자치시,202201
세종특별자치시,202202
세종특별자치시,202203
세종특별자치시,202204
세종특별자치시,202205
세종특별자치시,202206
세종특별자치시,202207
세종특별자치시,202208
세종특별자치시,202209
세종특별자치시,202210
세종특별자치시,202211
세종특별자치시,202212
세종특별자치시,202301
세종특별자치시,202302
세종특별자치시,202303
세종특별자치시,202304
세종특별자치시,202305
세종특별자치시,202306
세종특별자치시,202307
세종특별자치시,202308
세종특별자치시,202309
세종특별자치시,202310
세종특별자치시,202311
세종특별자치시,202312
세종특별자치시,202401
세종특별자치시,202402
경기도,200802
경기도,200803
경기도,200804
경기도,200805
경기도,200806
경기도,200807
경기도,200808
경기도,200809
경기도,200810
경기도,200811
경기도,200812
경기도,200901
경기도,200902
경기도,200903
경기도,200904
경기도,200905
경기도,200906
경기도,200907
경기도,200908
경기도,200909
경기도,200910
경기도,200911
경기도,200912
경기도,201001
경기도,201002
경기도,201003
경기도,201004
경기도,201005
경기도,201006
경기도,201007
경기도,201008
경기도,201009
경기도,201010
경기도,201011
경기도,201012
경기도,201101
경기도,201102
경기도,201103
경기도,201104
경기도,201105
경기도,201106
경기도,201107
경기도,201108
경기도,201109
경기도,201110
경기도,201111
경기도,201112
경기도,201201
경기도,201202
경기도,201203
경기도,201204
경기도,201205
경기도,201206
경기도,201207
경기도,201208
경기도,201209
경기도,201210
경기도,201211
경기도,201212
경기도,201301
경기도,201302
경기도,201303
경기도,201304
경기도,201305
경기도,201306
경기도,201307
경기도,201308
경기도,201309
경기도,201310
경기도,201311
경기도,201312
경기도,201401
경기도,201402
경기도,201403
경기도,201404
경기도,201405
경기도,201406
경기도,201407
경기도,201408
경기도,201409
경기도,201410
경기도,201411
경기도,201412
경기도,201501
경기도,201502
경기도,201503
경기도,201504
경기도,201505
경기도,201506
경기도,201507
경기도,201508
경기도,201509
경기도,201510
경기도,201511
경기도,201512
경기도,201601
경기도,201602
경기도,201603
경기도,201604
경기도,201605
경기도,201606
경기도,201607
경기도,201608
경기도,201609
경기도,201610
경기도,201611
경기도,201612
경기도,201701
경기도,201702
경기도,201703
경기도,201704
경기도,201705
경기도,201706
경기도,201707
경기도,201708
경기도,201709
경기도,201710
경기도,201711
경기도,201712
경기도,201801
경기도,201802
경기도,201803
경기도,201804
경기도,201805
경기도,201806
경기도,201807
경기도,201808
경기도,201809
경기도,201810
경기도,201811
경기도,201812
경기도,201901
경기도,201902
경기도,201903
경기도,201904
경기도,201905
경기도,201906
경기도,201907
경기도,201908
경기도,201909
경기도,201910
경기도,201911
경기도,201912
경기도,202001
경기도,202002
경기도,202003
경기도,202004
경기도,202005
경기도,202006
경기도,202007
경기도,202008
경기도,202009
경기도,202010
경기도,202011
경기도,202012
경기도,202101
경기도,202102
경기도,202103
경기도,202104
경기도,202105
경기도,202106
경기도,202107
경기도,202108
경기도,202109
경기도,202110
경기도,202111
경기도,202112
경기도,202201
경기도,202202
경기도,202203
경기도,202204
경기도,202205
경기도,202206
경기도,202207
경기도,202208
경기도,202209
경기도,202210
경기도,202211
경기도,202212
경기도,202301
경기도,202302
경기도,202303
경기도,202304
경기도,202305
경기도,202306
경기도,202307
경기도,202308
경기도,202309
경기도,202310
경기도,202311
경기도,202312
경기도,202401
경기도,202402
강원특별자치도,200802
강원특별자치도,200803
강원특별자치도,200804
강원특별자치도,200805
강원특별자치도,200806
강원특별자치도,200807
강원특별자치도,200808
강원특별자치도,200809
강원특별자치도,200810
강원특별자치도,200811
강원특별자치도,200812
강원특별자치도,200901
강원특별자치도,200902
강원특별자치도,200903
강원특별자치도,200904
강원특별자치도,200905
강원특별자치도,200906
강원특별자치도,200907
강원특별자치도,200908
강원특별자치도,200909
강원특별자치도,200910
강원특별자치도,200911
강원특별자치도,200912
강원특별자치도,201001
강원특별자치도,201002
강원특별자치도,201003
강원특별자치도,201004
강원특별자치도,201005
강원특별자치도,201006
강원특별자치도,201007
강원특별자치도,201008
강원특별자치도,201009
강원특별자치도,201010
강원특별자치도,201011
강원특별자치도,201012
강원특별자치도,201101
강원특별자치도,201102
강원특별자치도,201103
강원특별자치도,201104
강원특별자치도,201105
강원특별자치도,201106
강원특별자치도,201107
강원특별자치도,201108
강원특별자치도,201109
강원특별자치도,201110
강원특별자치도,201111
강원특별자치도,201112
강원특별자치도,201201
강원특별자치도,201202
강원특별자치도,201203
강원특별자치도,201204
강원특별자치도,201205
강원특별자치도,201206
강원특별자치도,201207
강원특별자치도,201208
강원특별자치도,201209
강원특별자치도,201210
강원특별자치도,201211
강원특별자치도,201212
강원특별자치도,201301
강원특별자치도,201302
강원특별자치도,201303
강원특별자치도,201304
강원특별자치도,201305
강원특별자치도,201306
강원특별자치도,201307
강원특별자치도,201308
강원특별자치도,201309
강원특별자치도,201310
강원특별자치도,201311
강원특별자치도,201312
강원특별자치도,201401
강원특별자치도,201402
강원특별자치도,201403
강원특별자치도,201404
강원특별자치도,201405
강원특별자치도,201406
강원특별자치도,201407
강원특별자치도,201408
강원특별자치도,201409
강원특별자치도,201410
강원특별자치도,201411
강원특별자치도,201412
강원특별자치도,201501
강원특별자치도,201502
강원특별자치도,201503
강원특별자치도,201504
강원특별자치도,201505
강원특별자치도,201506
강원특별자치도,201507
강원특별자치도,201508
강원특별자치도,201509
강원특별자치도,201510
강원특별자치도,201511
강원특별자치도,201512
강원특별자치도,201601
강원특별자치도,201602
강원특별자치도,201603
강원특별자치도,201604
강원특별자치도,201605
강원특별자치도,201606
강원특별자치도,201607
강원특별자치도,201608
강원특별자치도,201609
강원특별자치도,201610
강원특별자치도,201611
강원특별자치도,201612
강원특별자치도,201701
강원특별자치도,201702
강원특별자치도,201703
강원특별자치도,201704
강원특별자치도,201705
강원특별자치도,201706
강원특별자치도,201707
강원특별자치도,201708
강원특별자치도,201709
강원특별자치도,201710
강원특별자치도,201711
강원특별자치도,201712
강원특별자치도,201801
강원특별자치도,201802
강원특별자치도,201803
강원특별자치도,201804
강원특별자치도,201805
강원특별자치도,201806
강원특별자치도,201807
강원특별자치도,201808
강원특별자치도,201809
강원특별자치도,201810
강원특별자치도,201811
강원특별자치도,201812
강원특별자치도,201901
강원특별자치도,201902
강원특별자치도,201903
강원특별자치도,201904
강원특별자치도,201905
강원특별자치도,201906
강원특별자치도,201907
강원특별자치도,201908
강원특별자치도,201909
강원특별자치도,201910
강원특별자치도,201911
강원특별자치도,201912
강원특별자치도,202001
강원특별자치도,202002
강원특별자치도,202003
강원특별자치도,202004
강원특별자치도,202005
강원특별자치도,202006
강원특별자치도,202007
강원특별자치도,202008
강원특별자치도,202009
강원특별자치도,202010
강원특별자치도,202011
강원특별자치도,202012
강원특별자치도,202101
강원특별자치도,202102
강원특별자치도,202103
강원특별자치도,202104
강원특별자치도,202105
강원특별자치도,202106
강원특별자치도,202107
강원특별자치도,202108
강원특별자치도,202109
강원특별자치도,202110
강원특별자치도,202111
강원특별자치도,202112
강원특별자치도,202201
강원특별자치도,202202
강원특별자치도,202203
강원특별자치도,202204
강원특별자치도,202205
강원특별자치도,202206
강원특별자치도,202207
강원특별자치도,202208
강원특별자치도,202209
강원특별자치도,202210
강원특별자치도,202211
강원특별자치도,202212
강원특별자치도,202301
강원특별자치도,202302
강원특별자치도,202303
강원특별자치도,202304
강원특별자치도,202305
강원특별자치도,202306
강원특별자치도,202307
강원특별자치도,202308
강원특별자치도,202309
강원특별자치도,202310
강원특별자치도,202311
강원특별자치도,202312
강원특별자치도,202401
강원특별자치도,202402
충청북도,200802
충청북도,200803
충청북도,200804
충청북도,200805
충청북도,200806
충청북도,200807
충청북도,200808
충청북도,200809
충청북도,200810
충청북도,200811
충청북도,200812
충청북도,200901
충청북도,200902
충청북도,200903
충청북도,200904
충청북도,200905
충청북도,200906
충청북도,200907
충청북도,200908
충청북도,200909
충청북도,200910
충청북도,200911
충청북도,200912
충청북도,201001
충청북도,201002
충청북도,201003
충청북도,201004
충청북도,201005
충청북도,201006
충청북도,201007
충청북도,201008
충청북도,201009
충청북도,201010
충청북도,201011
충청북도,201012
충청북도,201101
충청북도,201102
충청북도,201103
충청북도,201104
충청북도,201105
충청북도,201106
충청북도,201107
충청북도,201108
충청북도,201109
충청북도,201110
충청북도,201111
충청북도,201112
충청북도,201201
충청북도,201202
충청북도,201203
충청북도,201204
충청북도,201205
충청북도,201206
충청북도,201207
충청북도,201208
충청북도,201209
충청북도,201210
충청북도,201211
충청북도,201212
충청북도,201301
충청북도,201302
충청북도,201303
충청북도,201304
충청북도,201305
충청북도,201306
충청북도,201307
충청북도,201308
충청북도,201309
충청북도,201310
충청북도,201311
충청북도,201312
충청북도,201401
충청북도,201402
충청북도,201403
충청북도,201404
충청북도,201405
충청북도,201406
충청북도,201407
충청북도,201408
충청북도,201409
충청북도,201410
충청북도,201411
충청북도,201412
충청북도,201501
충청북도,201502
충청북도,201503
충청북도,201504
충청북도,201505
충청북도,201506
충청북도,201507
충청북도,201508
충청북도,201509
충청북도,201510
충청북도,201511
충청북도,201512
충청북도,201601
충청북도,201602
충청북도,201603
충청북도,201604
충청북도,201605
충청북도,201606
충청북도,201607
충청북도,201608
충청북도,201609
충청북도,201610
충청북도,201611
충청북도,201612
충청북도,201701
충청북도,201702
충청북도,201703
충청북도,201704
충청북도,201705
충청북도,201706
충청북도,201707
충청북도,201708
충청북도,201709
충청북도,201710
충청북도,201711
충청북도,201712
충청북도,201801
충청북도,201802
충청북도,201803
충청북도,201804
충청북도,201805
충청북도,201806
충청북도,201807
충청북도,201808
충청북도,201809
충청북도,201810
충청북도,201811
충청북도,201812
충청북도,201901
충청북도,201902
충청북도,201903
충청북도,201904
충청북도,201905
충청북도,201906
충청북도,201907
충청북도,201908
충청북도,201909
충청북도,201910
충청북도,201911
충청북도,201912
충청북도,202001
충청북도,202002
충청북도,202003
충청북도,202004
충청북도,202005
충청북도,202006
충청북도,202007
충청북도,202008
충청북도,202009
충청북도,202010
충청북도,202011
충청북도,202012
충청북도,202101
충청북도,202102
충청북도,202103
충청북도,202104
충청북도,202105
충청북도,202106
충청북도,202107
충청북도,202108
충청북도,202109
충청북도,202110
충청북도,202111
충청북도,202112
충청북도,202201
충청북도,202202
충청북도,202203
충청북도,202204
충청북도,202205
충청북도,202206
충청북도,202207
충청북도,202208
충청북도,202209
충청북도,202210
충청북도,202211
충청북도,202212
충청북도,202301
충청북도,202302
충청북도,202303
충청북도,202304
충청북도,202305
충청북도,202306
충청북도,202307
충청북도,202308
충청북도,202309
충청북도,202310
충청북도,202311
충청북도,202312
충청북도,202401
충청북도,202402
충청남도,200802
충청남도,200803
충청남도,200804
충청남도,200805
충청남도,200806
충청남도,200807
충청남도,200808
충청남도,200809
충청남도,200810
충청남도,200811
충청남도,200812
충청남도,200901
충청남도,200902
충청남도,200903
충청남도,200904
충청남도,200905
충청남도,200906
충청남도,200907
충청남도,200908
충청남도,200909
충청남도,200910
충청남도,200911
충청남도,200912
충청남도,201001
충청남도,201002
충청남도,201003
충청남도,201004
충청남도,201005
충청남도,201006
충청남도,201007
충청남도,201008
충청남도,201009
충청남도,201010
충청남도,201011
충청남도,201012
충청남도,201101
충청남도,201102
충청남도,201103
충청남도,201104
충청남도,201105
충청남도,201106
충청남도,201107
충청남도,201108
충청남도,201109
충청남도,201110
충청남도,201111
충청남도,201112
충청남도,201201
충청남도,201202
충청남도,201203
충청남도,201204
충청남도,201205
충청남도,201206
충청남도,201207
충청남도,201208
충청남도,201209
충청남도,201210
충청남도,201211
충청남도,201212
충청남도,201301
충청남도,201302
충청남도,201303
충청남도,201304
충청남도,201305
충청남도,201306
충청남도,201307
충청남도,201308
충청남도,201309
충청남도,201310
충청남도,201311
충청남도,201312
충청남도,201401
충청남도,201402
충청남도,201403
충청남도,201404
충청남도,201405
충청남도,201406
충청남도,201407
충청남도,201408
충청남도,201409
충청남도,201410
충청남도,201411
충청남도,201412
충청남도,201501
충청남도,201502
충청남도,201503
충청남도,201504
충청남도,201505
충청남도,201506
충청남도,201507
충청남도,201508
충청남도,201509
충청남도,201510
충청남도,201511
충청남도,201512
충청남도,201601
충청남도,201602
충청남도,201603
충청남도,201604
충청남도,201605
충청남도,201606
충청남도,201607
충청남도,201608
충청남도,201609
충청남도,201610
충청남도,201611
충청남도,201612
충청남도,201701
충청남도,201702
충청남도,201703
충청남도,201704
충청남도,201705
충청남도,201706
충청남도,201707
충청남도,201708
충청남도,201709
충청남도,201710
충청남도,201711
충청남도,201712
충청남도,201801
충청남도,201802
충청남도,201803
충청남도,201804
충청남도,201805
충청남도,201806
충청남도,201807
충청남도,201808
충청남도,201809
충청남도,201810
충청남도,201811
충청남도,201812
충청남도,201901
충청남도,201902
충청남도,201903
충청남도,201904
충청남도,201905
충청남도,201906
충청남도,201907
충청남도,201908
충청남도,201909
충청남도,201910
충청남도,201911
충청남도,201912
충청남도,202001
충청남도,202002
충청남도,202003
충청남도,202004
충청남도,202005
충청남도,202006
충청남도,202007
충청남도,202008
충청남도,202009
충청남도,202010
충청남도,202011
충청남도,202012
충청남도,202101
충청남도,202102
충청남도,202103
충청남도,202104
충청남도,202105
충청남도,202106
충청남도,202107
충청남도,202108
충청남도,202109
충청남도,202110
충청남도,202111
충청남도,202112
충청남도,202201
충청남도,202202
충청남도,202203
충청남도,202204
충청남도,202205
충청남도,202206
충청남도,202207
충청남도,202208
충청남도,202209
충청남도,202210
충청남도,202211
충청남도,202212
충청남도,202301
충청남도,202302
충청남도,202303
충청남도,202304
충청남도,202305
충청남도,202306
충청남도,202307
충청남도,202308
충청남도,202309
충청남도,202310
충청남도,202311
충청남도,202312
충청남도,202401
충청남도,202402
전북특별자치도,200802
전북특별자치도,200803
전북특별자치도,200804
전북특별자치도,200805
전북특별자치도,200806
전북특별자치도,200807
전북특별자치도,200808
전북특별자치도,200809
전북특별자치도,200810
전북특별자치도,200811
전북특별자치도,200812
전북특별자치도,200901
전북특별자치도,200902
전북특별자치도,200903
전북특별자치도,200904
전북특별자치도,200905
전북특별자치도,200906
전북특별자치도,200907
전북특별자치도,200908
전북특별자치도,200909
전북특별자치도,200910
전북특별자치도,200911
전북특별자치도,200912
전북특별자치도,201001
전북특별자치도,201002
전북특별자치도,201003
전북특별자치도,201004
전북특별자치도,201005
전북특별자치도,201006
전북특별자치도,201007
전북특별자치도,201008
전북특별자치도,201009
전북특별자치도,201010
전북특별자치도,201011
전북특별자치도,201012
전북특별자치도,201101
전북특별자치도,201102
전북특별자치도,201103
전북특별자치도,201104
전북특별자치도,201105
전북특별자치도,201106
전북특별자치도,201107
전북특별자치도,201108
전북특별자치도,201109
전북특별자치도,201110
전북특별자치도,201111
전북특별자치도,201112
전북특별자치도,201201
전북특별자치도,201202
전북특별자치도,201203
전북특별자치도,201204
전북특별자치도,201205
전북특별자치도,201206
전북특별자치도,201207
전북특별자치도,201208
전북특별자치도,201209
전북특별자치도,201210
전북특별자치도,201211
전북특별자치도,201212
전북특별자치도,201301
전북특별자치도,201302
전북특별자치도,201303
전북특별자치도,201304
전북특별자치도,201305
전북특별자치도,201306
전북특별자치도,201307
전북특별자치도,201308
전북특별자치도,201309
전북특별자치도,201310
전북특별자치도,201311
전북특별자치도,201312
전북특별자치도,201401
전북특별자치도,201402
전북특별자치도,201403
전북특별자치도,201404
전북특별자치도,201405
전북특별자치도,201406
전북특별자치도,201407
전북특별자치도,201408
전북특별자치도,201409
전북특별자치도,201410
전북특별자치도,201411
전북특별자치도,201412
전북특별자치도,201501
전북특별자치도,201502
전북특별자치도,201503
전북특별자치도,201504
전북특별자치도,201505
전북특별자치도,201506
전북특별자치도,201507
전북특별자치도,201508
전북특별자치도,201509
전북특별자치도,201510
전북특별자치도,201511
전북특별자치도,201512
전북특별자치도,201601
전북특별자치도,201602
전북특별자치도,201603
전북특별자치도,201604
전북특별자치도,201605
전북특별자치도,201606
전북특별자치도,201607
전북특별자치도,201608
전북특별자치도,201609
전북특별자치도,201610
전북특별자치도,201611
전북특별자치도,201612
전북특별자치도,201701
전북특별자치도,201702
전북특별자치도,201703
전북특별자치도,201704
전북특별자치도,201705
전북특별자치도,201706
전북특별자치도,201707
전북특별자치도,201708
전북특별자치도,201709
전북특별자치도,201710
전북특별자치도,201711
전북특별자치도,201712
전북특별자치도,201801
전북특별자치도,201802
전북특별자치도,201803
전북특별자치도,201804
전북특별자치도,201805
전북특별자치도,201806
전북특별자치도,201807
전북특별자치도,201808
전북특별자치도,201809
전북특별자치도,201810
전북특별자치도,201811
전북특별자치도,201812
전북특별자치도,201901
전북특별자치도,201902
전북특별자치도,201903
전북특별자치도,201904
전북특별자치도,201905
전북특별자치도,201906
전북특별자치도,201907
전북특별자치도,201908
전북특별자치도,201909
전북특별자치도,201910
전북특별자치도,201911
전북특별자치도,201912
전북특별자치도,202001
전북특별자치도,202002
전북특별자치도,202003
전북특별자치도,202004
전북특별자치도,202005
전북특별자치도,202006
전북특별자치도,202007
전북특별자치도,202008
전북특별자치도,202009
전북특별자치도,202010
전북특별자치도,202011
전북특별자치도,202012
전북특별자치도,202101
전북특별자치도,202102
전북특별자치도,202103
전북특별자치도,202104
전북특별자치도,202105
전북특별자치도,202106
전북특별자치도,202107
전북특별자치도,202108
전북특별자치도,202109
전북특별자치도,202110
전북특별자치도,202111
전북특별자치도,202112
전북특별자치도,202201
전북특별자치도,202202
전북특별자치도,202203
전북특별자치도,202204
전북특별자치도,202205
전북특별자치도,202206
전북특별자치도,202207
전북특별자치도,202208
전북특별자치도,202209
전북특별자치도,202210
전북특별자치도,202211
전북특별자치도,202212
전북특별자치도,202301
전북특별자치도,202302
전북특별자치도,202303
전북특별자치도,202304
전북특별자치도,202305
전북특별자치도,202306
전북특별자치도,202307
전북특별자치도,202308
전북특별자치도,202309
전북특별자치도,202310
전북특별자치도,202311
전북특별자치도,202312
전북특별자치도,202401
전북특별자치도,202402
전라남도,200802
전라남도,200803
전라남도,200804
전라남도,200805
전라남도,200806
전라남도,200807
전라남도,200808
전라남도,200809
전라남도,200810
전라남도,200811
전라남도,200812
전라남도,200901
전라남도,200902
전라남도,200903
전라남도,200904
전라남도,200905
전라남도,200906
전라남도,200907
전라남도,200908
전라남도,200909
전라남도,200910
전라남도,200911
전라남도,200912
전라남도,201001
전라남도,201002
전라남도,201003
전라남도,201004
전라남도,201005
전라남도,201006
전라남도,201007
전라남도,201008
전라남도,201009
전라남도,201010
전라남도,201011
전라남도,201012
전라남도,201101
전라남도,201102
전라남도,201103
전라남도,201104
전라남도,201105
전라남도,201106
전라남도,201107
전라남도,201108
전라남도,201109
전라남도,201110
전라남도,201111
전라남도,201112
전라남도,201201
전라남도,201202
전라남도,201203
전라남도,201204
전라남도,201205
전라남도,201206
전라남도,201207
전라남도,201208
전라남도,201209
전라남도,201210
전라남도,201211
전라남도,201212
전라남도,201301
전라남도,201302
전라남도,201303
전라남도,201304
전라남도,201305
전라남도,201306
전라남도,201307
전라남도,201308
전라남도,201309
전라남도,201310
전라남도,201311
전라남도,201312
전라남도,201401
전라남도,201402
전라남도,201403
전라남도,201404
전라남도,201405
전라남도,201406
전라남도,201407
전라남도,201408
전라남도,201409
전라남도,201410
전라남도,201411
전라남도,201412
전라남도,201501
전라남도,201502
전라남도,201503
전라남도,201504
전라남도,201505
전라남도,201506
전라남도,201507
전라남도,201508
전라남도,201509
전라남도,201510
전라남도,201511
전라남도,201512
전라남도,201601
전라남도,201602
전라남도,201603
전라남도,201604
전라남도,201605
전라남도,201606
전라남도,201607
전라남도,201608
전라남도,201609
전라남도,201610
전라남도,201611
전라남도,201612
전라남도,201701
전라남도,201702
전라남도,201703
전라남도,201704
전라남도,201705
전라남도,201706
전라남도,201707
전라남도,201708
전라남도,201709
전라남도,201710
전라남도,201711
전라남도,201712
전라남도,201801
전라남도,201802
전라남도,201803
전라남도,201804
전라남도,201805
전라남도,201806
전라남도,201807
전라남도,201808
전라남도,201809
전라남도,201810
전라남도,201811
전라남도,201812
전라남도,201901
전라남도,201902
전라남도,201903
전라남도,201904
전라남도,201905
전라남도,201906
전라남도,201907
전라남도,201908
전라남도,201909
전라남도,201910
전라남도,201911
전라남도,201912
전라남도,202001
전라남도,202002
전라남도,202003
전라남도,202004
전라남도,202005
전라남도,202006
전라남도,202007
전라남도,202008
전라남도,202009
전라남도,202010
전라남도,202011
전라남도,202012
전라남도,202101
전라남도,202102
전라남도,202103
전라남도,202104
전라남도,202105
전라남도,202106
전라남도,202107
전라남도,202108
전라남도,202109
전라남도,202110
전라남도,202111
전라남도,202112
전라남도,202201
전라남도,202202
전라남도,202203
전라남도,202204
전라남도,202205
전라남도,202206
전라남도,202207
전라남도,202208
전라남도,202209
전라남도,202210
전라남도,202211
전라남도,202212
전라남도,202301
전라남도,202302
전라남도,202303
전라남도,202304
전라남도,202305
전라남도,202306
전라남도,202307
전라남도,202308
전라남도,202309
전라남도,202310
전라남도,202311
전라남도,202312
전라남도,202401
전라남도,202402
경상북도,200802
경상북도,200803
경상북도,200804
경상북도,200805
경상북도,200806
경상북도,200807
경상북도,200808
경상북도,200809
경상북도,200810
경상북도,200811
경상북도,200812
경상북도,200901
경상북도,200902
경상북도,200903
경상북도,200904
경상북도,200905
경상북도,200906
경상북도,200907
경상북도,200908
경상북도,200909
경상북도,200910
경상북도,200911
경상북도,200912
경상북도,201001
경상북도,201002
경상북도,201003
경상북도,201004
경상북도,201005
경상북도,201006
경상북도,201007
경상북도,201008
경상북도,201009
경상북도,201010
경상북도,201011
경상북도,201012
경상북도,201101
경상북도,201102
경상북도,201103
경상북도,201104
경상북도,201105
경상북도,201106
경상북도,201107
경상북도,201108
경상북도,201109
경상북도,201110
경상북도,201111
경상북도,201112
경상북도,201201
경상북도,201202
경상북도,201203
경상북도,201204
경상북도,201205
경상북도,201206
경상북도,201207
경상북도,201208
경상북도,201209
경상북도,201210
경상북도,201211
경상북도,201212
경상북도,201301
경상북도,201302
경상북도,201303
경상북도,201304
경상북도,201305
경상북도,201306
경상북도,201307
경상북도,201308
경상북도,201309
경상북도,201310
경상북도,201311
경상북도,201312
경상북도,201401
경상북도,201402
경상북도,201403
경상북도,201404
경상북도,201405
경상북도,201406
경상북도,201407
경상북도,201408
경상북도,201409
경상북도,201410
경상북도,201411
경상북도,201412
경상북도,201501
경상북도,201502
경상북도,201503
경상북도,201504
경상북도,201505
경상북도,201506
경상북도,201507
경상북도,201508
경상북도,201509
경상북도,201510
경상북도,201511
경상북도,201512
경상북도,201601
경상북도,201602
경상북도,201603
경상북도,201604
경상북도,201605
경상북도,201606
경상북도,201607
경상북도,201608
경상북도,201609
경상북도,201610
경상북도,201611
경상북도,201612
경상북도,201701
경상북도,201702
경상북도,201703
경상북도,201704
경상북도,201705
경상북도,201706
경상북도,201707
경상북도,201708
경상북도,201709
경상북도,201710
경상북도,201711
경상북도,201712
경상북도,201801
경상북도,201802
경상북도,201803
경상북도,201804
경상북도,201805
경상북도,201806
경상북도,201807
경상북도,201808
경상북도,201809
경상북도,201810
경상북도,201811
경상북도,201812
경상북도,201901
경상북도,201902
경상북도,201903
경상북도,201904
경상북도,201905
경상북도,201906
경상북도,201907
경상북도,201908
경상북도,201909
경상북도,201910
경상북도,201911
경상북도,201912
경상북도,202001
경상북도,202002
경상북도,202003
경상북도,202004
경상북도,202005
경상북도,202006
경상북도,202007
경상북도,202008
경상북도,202009
경상북도,202010
경상북도,202011
경상북도,202012
경상북도,202101
경상북도,202102
경상북도,202103
경상북도,202104
경상북도,202105
경상북도,202106
경상북도,202107
경상북도,202108
경상북도,202109
경상북도,202110
경상북도,202111
경상북도,202112
경상북도,202201
경상북도,202202
경상북도,202203
경상북도,202204
경상북도,202205
경상북도,202206
경상북도,202207
경상북도,202208
경상북도,202209
경상북도,202210
경상북도,202211
경상북도,202212
경상북도,202301
경상북도,202302
경상북도,202303
경상북도,202304
경상북도,202305
경상북도,202306
경상북도,202307
경상북도,202308
경상북도,202309
경상북도,202310
경상북도,202311
경상북도,202312
경상북도,202401
경상북도,202402
경상남도,200802
경상남도,200803
경상남도,200804
경상남도,200805
경상남도,200806
경상남도,200807
경상남도,200808
경상남도,200809
경상남도,200810
경상남도,200811
경상남도,200812
경상남도,200901
경상남도,200902
경상남도,200903
경상남도,200904
경상남도,200905
경상남도,200906
경상남도,200907
경상남도,200908
경상남도,200909
경상남도,200910
경상남도,200911
경상남도,200912
경상남도,201001
경상남도,201002
경상남도,201003
경상남도,201004
경상남도,201005
경상남도,201006
경상남도,201007
경상남도,201008
경상남도,201009
경상남도,201010
경상남도,201011
경상남도,201012
경상남도,201101
경상남도,201102
경상남도,201103
경상남도,201104
경상남도,201105
경상남도,201106
경상남도,201107
경상남도,201108
경상남도,201109
경상남도,201110
경상남도,201111
경상남도,201112
경상남도,201201
경상남도,201202
경상남도,201203
경상남도,201204
경상남도,201205
경상남도,201206
경상남도,201207
경상남도,201208
경상남도,201209
경상남도,201210
경상남도,201211
경상남도,201212
경상남도,201301
경상남도,201302
경상남도,201303
경상남도,201304
경상남도,201305
경상남도,201306
경상남도,201307
경상남도,201308
경상남도,201309
경상남도,201310
경상남도,201311
경상남도,201312
경상남도,201401
경상남도,201402
경상남도,201403
경상남도,201404
경상남도,201405
경상남도,201406
경상남도,201407
경상남도,201408
경상남도,201409
경상남도,201410
경상남도,201411
경상남도,201412
경상남도,201501
경상남도,201502
경상남도,201503
경상남도,201504
경상남도,201505
경상남도,201506
경상남도,201507
경상남도,201508
경상남도,201509
경상남도,201510
경상남도,201511
경상남도,201512
경상남도,201601
경상남도,201602
경상남도,201603
경상남도,201604
경상남도,201605
경상남도,201606
경상남도,201607
경상남도,201608
경상남도,201609
경상남도,201610
경상남도,201611
경상남도,201612
경상남도,201701
경상남도,201702
경상남도,201703
경상남도,201704
경상남도,201705
경상남도,201706
경상남도,201707
경상남도,201708
경상남도,201709
경상남도,201710
경상남도,201711
경상남도,201712
경상남도,201801
경상남도,201802
경상남도,201803
경상남도,201804
경상남도,201805
경상남도,201806
경상남도,201807
경상남도,201808
경상남도,201809
경상남도,201810
경상남도,201811
경상남도,201812
경상남도,201901
경상남도,201902
경상남도,201903
경상남도,201904
경상남도,201905
경상남도,201906
경상남도,201907
경상남도,201908
경상남도,201909
경상남도,201910
경상남도,201911
경상남도,201912
경상남도,202001
경상남도,202002
경상남도,202003
경상남도,202004
경상남도,202005
경상남도,202006
경상남도,202007
경상남도,202008
경상남도,202009
경상남도,202010
경상남도,202011
경상남도,202012
경상남도,202101
경상남도,202102
경상남도,202103
경상남도,202104
경상남도,202105
경상남도,202106
경상남도,202107
경상남도,202108
경상남도,202109
경상남도,202110
경상남도,202111
경상남도,202112
경상남도,202201
경상남도,202202
경상남도,202203
경상남도,202204
경상남도,202205
경상남도,202206
경상남도,202207
경상남도,202208
경상남도,202209
경상남도,202210
경상남도,202211
경상남도,202212
경상남도,202301
경상남도,202302
경상남도,202303
경상남도,202304
경상남도,202305
경상남도,202306
경상남도,202307
경상남도,202308
경상남도,202309
경상남도,202310
경상남도,202311
경상남도,202312
경상남도,202401
경상남도,202402
제주특별자치도,200802
제주특별자치도,200803
제주특별자치도,200804
제주특별자치도,200805
제주특별자치도,200806
제주특별자치도,200807
제주특별자치도,200808
제주특별자치도,200809
제주특별자치도,200810
제주특별자치도,200811
제주특별자치도,200812
제주특별자치도,200901
제주특별자치도,200902
제주특별자치도,200903
제주특별자치도,200904
제주특별자치도,200905
제주특별자치도,200906
제주특별자치도,200907
제주특별자치도,200908
제주특별자치도,200909
제주특별자치도,200910
제주특별자치도,200911
제주특별자치도,200912
제주특별자치도,201001
제주특별자치도,201002
제주특별자치도,201003
제주특별자치도,201004
제주특별자치도,201005
제주특별자치도,201006
제주특별자치도,201007
제주특별자치도,201008
제주특별자치도,201009
제주특별자치도,201010
제주특별자치도,201011
제주특별자치도,201012
제주특별자치도,201101
제주특별자치도,201102
제주특별자치도,201103
제주특별자치도,201104
제주특별자치도,201105
제주특별자치도,201106
제주특별자치도,201107
제주특별자치도,201108
제주특별자치도,201109
제주특별자치도,201110
제주특별자치도,201111
제주특별자치도,201112
제주특별자치도,201201
제주특별자치도,201202
제주특별자치도,201203
제주특별자치도,201204
제주특별자치도,201205
제주특별자치도,201206
제주특별자치도,201207
제주특별자치도,201208
제주특별자치도,201209
제주특별자치도,201210
제주특별자치도,201211
제주특별자치도,201212
제주특별자치도,201301
제주특별자치도,201302
제주특별자치도,201303
제주특별자치도,201304
제주특별자치도,201305
제주특별자치도,201306
제주특별자치도,201307
제주특별자치도,201308
제주특별자치도,201309
제주특별자치도,201310
제주특별자치도,201311
제주특별자치도,201312
제주특별자치도,201401
제주특별자치도,201402
제주특별자치도,201403
제주특별자치도,201404
제주특별자치도,201405
제주특별자치도,201406
제주특별자치도,201407
제주특별자치도,201408
제주특별자치도,201409
제주특별자치도,201410
제주특별자치도,201411
제주특별자치도,201412
제주특별자치도,201501
제주특별자치도,201502
제주특별자치도,201503
제주특별자치도,201504
제주특별자치도,201505
제주특별자치도,201506
제주특별자치도,201507
제주특별자치도,201508
제주특별자치도,201509
제주특별자치도,201510
제주특별자치도,201511
제주특별자치도,201512
제주특별자치도,201601
제주특별자치도,201602
제주특별자치도,201603
제주특별자치도,201604
제주특별자치도,201605
제주특별자치도,201606
제주특별자치도,201607
제주특별자치도,201608
제주특별자치도,201609
제주특별자치도,201610
제주특별자치도,201611
제주특별자치도,201612
제주특별자치도,201701
제주특별자치도,201702
제주특별자치도,201703
제주특별자치도,201704
제주특별자치도,201705
제주특별자치도,201706
제주특별자치도,201707
제주특별자치도,201708
제주특별자치도,201709
제주특별자치도,201710
제주특별자치도,201711
제주특별자치도,201712
제주특별자치도,201801
제주특별자치도,201802
제주특별자치도,201803
제주특별자치도,201804
제주특별자치도,201805
제주특별자치도,201806
제주특별자치도,201807
제주특별자치도,201808
제주특별자치도,201809
제주특별자치도,201810
제주특별자치도,201811
제주특별자치도,201812
제주특별자치도,201901
제주특별자치도,201902
제주특별자치도,201903
제주특별자치도,201904
제주특별자치도,201905
제주특별자치도,201906
제주특별자치도,201907
제주특별자치도,201908
제주특별자치도,201909
제주특별자치도,201910
제주특별자치도,201911
제주특별자치도,201912
제주특별자치도,202001
제주특별자치도,202002
제주특별자치도,202003
제주특별자치도,202004
제주특별자치도,202005
제주특별자치도,202006
제주특별자치도,202007
제주특별자치도,202008
제주특별자치도,202009
제주특별자치도,202010
제주특별자치도,202011
제주특별자치도,202012
제주특별자치도,202101
제주특별자치도,202102
제주특별자치도,202103
제주특별자치도,202104
제주특별자치도,202105
제주특별자치도,202106
제주특별자치도,202107
제주특별자치도,202108
제주특별자치도,202109
제주특별자치도,202110
제주특별자치도,202111
제주특별자치도,202112
제주특별자치도,202201
제주특별자치도,202202
제주특별자치도,202203
제주특별자치도,202204
제주특별자치도,202205
제주특별자치도,202206
제주특별자치도,202207
제주특별자치도,202208
제주특별자치도,202209
제주특별자치도,202210
제주특별자치도,202211
제주특별자치도,202212
제주특별자치도,202301
제주특별자치도,202302
제주특별자치도,202303
제주특별자치도,202304
제주특별자치도,202305
제주특별자치도,202306
제주특별자치도,202307
제주특별자치도,202308
제주특별자치도,202309
제주특별자치도,202310
제주특별자치도,202311
제주특별자치도,202312
제주특별자치도,202401
제주특별자치도,202402
